id,title,year,bases
0,DISCRETE EVENT SYSTEM FRAMEWORK FOR FAULT DIAGNOSIS WITH MEASUREMENT INCONSISTENCY: CASE STUDY OF ROGUE DHCP ATTACK,2019,Engineering Village-IEEExplore-Scopus-Web of Science
1,MITIGATION OF CLASSES OF ATTACKS USING A PROBABILISTIC DISCRETE EVENT SYSTEM FRAMEWORK,2020,Engineering Village-Scopus-Web of Science
2,ROGUE TWIN ATTACK DETECTION: A DISCRETE EVENT SYSTEM PARADIGM APPROACH,2019,Engineering Village-IEEExplore-Scopus-Web of Science
3,INTRUSION DETECTION SYSTEM FOR PS-POLL DOS ATTACK IN 802.11 NETWORKS USING REAL TIME DISCRETE EVENT SYSTEM,2017,Engineering Village-IEEExplore-Scopus-Web of Science
4,ARSPAN: ATTACKER REVELATION SCHEME USING DISCRETE EVENT SYSTEM IN 6LOWPAN BASED BUFFER RESERVATION ATTACK,2020,Engineering Village-IEEExplore-Scopus
5,DETECTING ANOMALOUS BEHAVIOR IN VOIP SYSTEMS: A DISCRETE EVENT SYSTEM MODELING,2017,Engineering Village-IEEExplore-Scopus-Web of Science
6,A SUPERVISORY CONTROL APPROACH TO DYNAMIC CYBER-SECURITY,2014,Engineering Village-Scopus-Web of Science
7,A DISCRETE EVENT SYSTEM BASED APPROACH FOR OBFUSCATED MALWARE DETECTION,2015,Engineering Village-Scopus-Web of Science
8,OPACITY OF DISCRETE EVENT SYSTEMS WITH ACTIVE INTRUDER,2020,Engineering Village
9,APPLICATION OF STOCHASTIC DISCRETE EVENT SYSTEM FRAMEWORK FOR DETECTION OF INDUCED LOW RATE TCP ATTACK,2015,Engineering Village-Scopus-Science Direct-Web of Science
10,AN APPROACH BASED ON BEHAVIORAL MODELS AND CRITICAL STATES DISTANCE NOTION FOR IMPROVING CYBERSECURITY OF INDUSTRIAL CONTROL SYSTEMS,2019,Engineering Village-Scopus-Science Direct-Web of Science
11,TIMED DISCRETE EVENT SYSTEM APPROACH TO ONLINE TESTING OF ASYNCHRONOUS CIRCUITS,2015,Engineering Village
12,A POLYNOMIAL APPROACH TO VERIFYING THE EXISTENCE OF A THREATENING SENSOR ATTACKER,2022,Engineering Village-IEEExplore-Scopus-Web of Science
13,ANALYSIS AND CONTROL FOR RESILIENCE OF DISCRETE EVENT SYSTEMS,2021,Engineering Village-Scopus-Web of Science
14,DES BASED IDS FOR DETECTION MINIMAL DE-AUTHENTICATION DOS ATTACK IN 802.11 WI-FI NETWORKS,2021,Engineering Village-IEEExplore-Scopus-Web of Science
15,DESIGN OF PRIVACY-PRESERVING CONTROL STRATEGY FOR DATA OPACITY OF INDUSTRIAL INTERNET,2022,Engineering Village
16,USABILITY AWARE SECRET PROTECTION WITH MINIMUM COST,2021,Engineering Village-Scopus-Science Direct-Web of Science
17,MODELING CYBER ATTACKS BY STOCHASTIC GAMES AND TIMED PETRI NETS,2016,Engineering Village-IEEExplore-Scopus-Web of Science
18,SYNTHESIS OF OPTIMAL MULTIOBJECTIVE ATTACK STRATEGIES FOR CONTROLLED SYSTEMS MODELED BY PROBABILISTIC AUTOMATA,2022,Engineering Village-IEEExplore-Scopus-Web of Science
19,SYNTHESIS OF COVERT SENSOR ATTACKS IN NETWORKED DISCRETE-EVENT SYSTEMS WITH NON-FIFO CHANNELS,2021,Engineering Village
20,FALLBACK AND RECOVERY CONTROL SYSTEM OF INDUSTRIAL CONTROL SYSTEM FOR CYBERSECURITY,2017,Engineering Village-Scopus-Science Direct-Web of Science
21,SUPERVISOR SYNTHESIS TO THWART CYBER ATTACK WITH BOUNDED SENSOR READING ALTERATIONS,2018,Engineering Village-Scopus-Science Direct-Web of Science
22,A CYBER ATTACK MODEL WITH BOUNDED SENSOR READING ALTERATIONS,2017,Engineering Village-IEEExplore-Scopus-Web of Science
23,DE-AUTHENTICATION ATTACK DETECTION USING DISCRETE EVENT SYSTEMS IN 802.11 WI-FI NETWORKS,2019,Engineering Village-IEEExplore-Scopus-Web of Science
24,EVIL TWIN ATTACK DETECTION USING DISCRETE EVENT SYSTEMS IN IEEE 802.11 WI-FI NETWORKS,2019,Engineering Village-IEEExplore-Scopus-Web of Science
25,SYNTHESIS OF COVERT ACTUATOR ATTACKERS FOR FREE,2019,Engineering Village-Scopus-Web of Science
26,DAISS: DESIGN OF AN ATTACKER IDENTIFICATION SCHEME IN COAP REQUEST/RESPONSE SPOOFING,2021,Engineering Village-IEEExplore-Scopus-Web of Science
27,A DES APPROACH TO INTRUSION DETECTION SYSTEM FOR ARP SPOOFING ATTACKS,2010,Engineering Village-IEEExplore-Scopus
28,SYMBOLIC VERIFICATION OF CURRENT-STATE OPACITY OF DISCRETE EVENT SYSTEMS USING PETRI NETS,2022,Engineering Village-IEEExplore-Scopus-Web of Science
29,VERIFICATION OF K-STEP AND INFINITE-STEP OPACITY OF BOUNDED LABELED PETRI NETS,2022,Engineering Village-Scopus-Science Direct-Web of Science
30,SUPERVISORY CONTROL OF DISCRETE-EVENT SYSTEMS UNDER ATTACKS,2017,Engineering Village-Scopus-Web of Science
31,HOW ATTACKS AFFECT DETECTABILITY IN DISCRETE-EVENT SYSTEMS?,2022,Engineering Village-IEEExplore-Scopus-Web of Science
32,CONFIDENTIALITY OF CYBER-PHYSICAL SYSTEMS USING EVENT-BASED CRYPTOGRAPHY,2020,Engineering Village-Scopus-Science Direct-Web of Science
33,MODELING OF CYBER ATTACKS AND A TIME GUARD DETECTION FOR ICS BASED ON DISCRETE EVENT SYSTEMS,2019,Engineering Village-IEEExplore-Scopus-Web of Science
34,OPACITY OF NETWORKED SUPERVISORY CONTROL SYSTEMS OVER INSECURE COMMUNICATION CHANNELS,2021,Engineering Village-IEEExplore-Scopus-Web of Science
35,COMPLETENESS OF LAN ATTACK DETECTION USING DISCRETE EVENT SYSTEMS,2011,Engineering Village-Scopus-Web of Science
36,SENSOR AND ACTUATOR ATTACKS OF CYBER-PHYSICAL SYSTEMS: A STUDY BASED ON SUPERVISORY CONTROL OF DISCRETE EVENT SYSTEMS,2019,Engineering Village-IEEExplore-Scopus-Web of Science
37,A HOST BASED DES APPROACH FOR DETECTING ARP SPOOFING,2011,Engineering Village-IEEExplore-Scopus
38,PARAMETER AND INSERTION FUNCTION CO-SYNTHESIS FOR OPACITY ENHANCEMENT IN PARAMETRIC STOCHASTIC DISCRETE EVENT SYSTEMS,2018,Engineering Village-IEEExplore-Scopus-Web of Science
39,OPACITY OF NETWORKED SUPERVISORY CONTROL SYSTEMS OVER INSECURE MULTIPLE CHANNEL NETWORKS,2019,Engineering Village-IEEExplore-Scopus-Web of Science
40,SYNTHESIS OF RESILIENT THIRD-PARTY MONITORING SYSTEM AGAINST CYBERATTACKS VIA SUPERVISORY CONTROL,2021,Engineering Village-IEEExplore-Scopus-Web of Science
41,NONINTERFERENCE ENFORCEMENT VIA SUPERVISORY CONTROL IN BOUNDED PETRI NETS,2021,Engineering Village-IEEExplore-Scopus-Web of Science
42,LAN ATTACK DETECTION USING DISCRETE EVENT SYSTEMS,2011,Engineering Village-Scopus-Science Direct-Web of Science
43,INITIAL-STATE ESTIMATION OF MULTI-CHANNEL NETWORKED DISCRETE EVENT SYSTEMS,2020,Engineering Village-IEEExplore-Scopus-Web of Science
44,IFAC-PAPERSONLINE,2020,Engineering Village
45,EXPOSURE AND REVELATION TIMES AS A MEASURE OF OPACITY IN TIMED STOCHASTIC DISCRETE EVENT SYSTEMS,2021,Engineering Village-IEEExplore-Scopus-Web of Science
46,ENFORCING OPACITY IN MODULAR SYSTEMS,2020,Engineering Village-Scopus-Science Direct-Web of Science
47,I2-DIAGNOSABILITY FRAMEWORK FOR DETECTION OF ADVANCED STEALTH MAN IN THE MIDDLE ATTACK IN WI-FI NETWORKS,2015,Engineering Village-IEEExplore-Scopus
48,ERROR- AND TAMPER-TOLERANT DECENTRALIZED DIAGNOSABILITY OF DISCRETE EVENT SYSTEMS UNDER COST CONSTRAINTS,2021,Engineering Village-IEEExplore-Scopus-Web of Science
49,SYNTHESIS OF INSERTION FUNCTIONS TO ENFORCE DECENTRALIZED AND JOINT OPACITY PROPERTIES OF DISCRETE-EVENT SYSTEMS,2018,Engineering Village-IEEExplore-Scopus-Web of Science
50,SECURE RECOVERY PROCEDURE FOR MANUFACTURING SYSTEMS USING SYNCHRONIZING AUTOMATA AND SUPERVISORY CONTROL THEORY,2022,Engineering Village-IEEExplore-Scopus-Web of Science
51,"6TH INTERNATIONAL CONFERENCE ON ADVANCED COMPUTING, ICOAC 2014",2014,Engineering Village
52,USING FORMAL METHODS TO VERIFY SAFE DEEP STALL LANDING OF A MAV,2011,Engineering Village-IEEExplore-Scopus-Web of Science
53,LDES: DETECTOR DESIGN FOR VERSION NUMBER ATTACK DETECTION USING LINEAR TEMPORAL LOGIC BASED ON DISCRETE EVENT SYSTEM,2023,Engineering Village-Scopus-Web of Science
54,DADCNF: DIAGNOSER DESIGN FOR DUPLICATE ADDRESS DETECTION THREAT USING CONJUNCTIVE NORMAL FORM,2023,Engineering Village-Scopus-Science Direct
55,ENSURING CONFIDENTIALITY OF CYBER-PHYSICAL SYSTEMS USING EVENT-BASED CRYPTOGRAPHY,2023,Engineering Village-Scopus-Science Direct-Web of Science
56,ROBUST STEALTHY ATTACKS BASED ON UNCERTAIN COSTS AND LABELED FINITE AUTOMATA WITH INPUTS,2023,Engineering Village-IEEExplore-Scopus-Web of Science
57,ACTIVE OPACITY OF DISCRETE-EVENT SYSTEMS,2023,Engineering Village-Scopus-Web of Science
58,CRITICAL OBSERVABILITY OF LABELED TIME PETRI NET SYSTEMS,2023,Engineering Village-IEEExplore-Scopus-Web of Science
59,PROBABILISTIC SYSTEM OPACITY IN DISCRETE EVENT SYSTEMS,2016,IEEExplore-Scopus-Web of Science
60,STEALTHY ATTACKS FOR PARTIALLY-OBSERVED DISCRETE EVENT SYSTEMS,2018,IEEExplore-Scopus-Web of Science
61,SENSOR AND ACTUATOR ATTACK IDENTIFICATION IN DISCRETE EVENT SYSTEMS,2022,IEEExplore-Scopus
62,ON RESILIENT SUPERVISORY CONTROL AGAINST INDEFINITE ACTUATOR ATTACKS IN DISCRETE-EVENT SYSTEMS,2022,IEEExplore-Scopus-Web of Science
63,JOINT STATE ESTIMATION UNDER ATTACK OF DISCRETE EVENT SYSTEMS,2021,IEEExplore-Scopus-Web of Science
64,QUANTIFICATION OF DISTRIBUTED SECRECY LOSS IN STOCHASTIC DISCRETE EVENT SYSTEMS UNDER BOUNDED-DELAY COMMUNICATIONS,2016,IEEExplore-Scopus-Web of Science
65,OPACITY MEASURES OF FUZZY DISCRETE EVENT SYSTEMS,2021,IEEExplore-Scopus-Web of Science
66,MODELING AND CONTROL OF DISCRETE EVENT SYSTEMS UNDER JOINT SENSOR-ACTUATOR CYBER ATTACKS,2021,IEEExplore-Scopus
67,MULTIPLE ATTACKS DETECTION ON DISCRETE EVENT SYSTEMS,2019,IEEExplore-Scopus-Web of Science
68,TOWARDS INCORPORATING DISCRETE-EVENT SYSTEMS IN SECURE SOFTWARE DEVELOPMENT,2008,IEEExplore-Scopus-Web of Science
69,DECENTRALIZED OPACITY ENFORCEMENT IN DISCRETE EVENT SYSTEMS USING SUPERVISORY CONTROL,2018,IEEExplore-Scopus-Web of Science
70,QUANTIFICATION OF SECRECY IN PARTIALLY OBSERVED STOCHASTIC DISCRETE EVENT SYSTEMS,2017,IEEExplore-Scopus-Web of Science
71,OPACITY OF FUZZY DISCRETE EVENT SYSTEMS,2019,IEEExplore-Scopus-Web of Science
72,ASSESSMENT OF BISIMULATION NON-INTERFERENCE IN DISCRETE EVENT SYSTEMS MODELLED WITH BOUNDED PETRI NETS,2021,IEEExplore-Scopus-Web of Science
73,TRANSFORMATIONS BETWEEN OPACITY FOR DISCRETE-EVENT SYSTEMS,2022,IEEExplore-Scopus
74,SUPERVISORY CONTROL OF DISCRETE EVENT SYSTEMS IN THE PRESENCE OF SENSOR AND ACTUATOR ATTACKS,2019,IEEExplore-Scopus-Web of Science
75,ASSESSMENT OF INITIAL-STATE-OPACITY IN LIVE BOUNDED AND REVERSIBLE DISCRETE EVENT SYSTEMS VIA INTEGER LINEAR PROGRAMMING,2022,IEEExplore-Scopus-Web of Science
76,INTRUSION DETECTION IN CONTROLLED DISCRETE EVENT SYSTEMS,2006,IEEExplore-Scopus-Web of Science
77,OPACITY OF NETWORKED DISCRETE EVENT SYSTEMS,2019,IEEExplore-Scopus-Science Direct-Web of Science
78,OPACITY ENFORCING CONTROL SYNTHESIS,2008,IEEExplore-Scopus-Web of Science
79,INFINITE-STEP OPACITY OF STOCHASTIC DISCRETE-EVENT SYSTEMS,2017,IEEExplore-Scopus-Web of Science
80,SYNTHESIS OF SUPERVISORS ROBUST AGAINST SENSOR DECEPTION ATTACKS,2021,IEEExplore-Scopus-Web of Science
81,FUZZY INFINITE-STEP OPACITY MEASURE OF DISCRETE EVENT SYSTEMS AND ITS APPLICATIONS,2022,IEEExplore-Scopus-Web of Science
82,OPACITY FORMULATIONS AND VERIFICATION IN DISCRETE EVENT SYSTEMS,2014,IEEExplore-Scopus-Web of Science
83,OVERVIEW OF OPACITY IN DISCRETE EVENT SYSTEMS,2020,IEEExplore-Scopus-Web of Science
84,OPACITY VERIFICATION IN STOCHASTIC DISCRETE EVENT SYSTEMS,2010,IEEExplore-Scopus-Web of Science
85,CURRENT-STATE OPACITY VERIFICATION IN MODULAR DISCRETE EVENT SYSTEMS,2019,IEEExplore-Scopus-Web of Science
86,NOTE THAT EACH INFORMATION-SUPERVISORY CONTROL OF DISCRETE-EVENT SYSTEMS FOR INFINITE-STEP OPACITY,2020,IEEExplore-Scopus
87,LOCAL OPACITY VERIFICATION FOR DISTRIBUTED DISCRETE EVENT SYSTEMS,2021,IEEExplore-Scopus-Web of Science
88,OPACITY-ENFORCING SUPERVISORY STRATEGIES FOR SECURE DISCRETE EVENT SYSTEMS,2008,IEEExplore-Scopus-Web of Science
89,VERIFICATION OF INITIAL-STATE OPACITY IN SECURITY APPLICATIONS OF DES,2008,IEEExplore-Scopus-Web of Science
90,GAME MIN-MAX CURRENT-STATE OPACITY FORMULATION IN RESOURCE AUTOMATA,2022,IEEExplore-Scopus
91,ASSESSMENT OF MULTILEVEL INTRANSITIVE NON-INTERFERENCE FOR DISCRETE EVENT SYSTEMS,2022,IEEExplore-Scopus-Web of Science
92,HEURISTIC SYNTHESIS OF COVERT ATTACKERS AGAINST UNKNOWN SUPERVISORS,2021,IEEExplore-Scopus-Web of Science
93,EVENT CORRELATION,2001,IEEExplore
94,EXPOSURE TIME AS A MEASURE OF OPACITY IN TIMED DISCRETE EVENT SYSTEMS,2019,IEEExplore-Scopus-Web of Science
95,ON TWO-WAY OBSERVER AND ITS APPLICATION TO THE VERIFICATION OF INFINITE-STEP AND K-STEP OPACITY,2016,IEEExplore-Scopus-Web of Science
96,DESIGN OF PETRI NET OBJECTS AND THEIR APPLICATION IN COMMAND AND CONTROL SYSTEMS,1995,IEEExplore-Scopus
97,TOWARDS BOUNDED SYNTHESIS OF RESILIENT SUPERVISORS,2019,IEEExplore-Scopus-Web of Science
98,HYPER SYMBOLIC OBSERVATION GRAPH TO ENFORCE OPACITY OF DISCRETE EVENT SYSTEMS USING SUPERVISORY CONTROL,2022,IEEExplore-Scopus-Web of Science
99,SUPERVISORY CONTROL OF DISCRETE-EVENT SYSTEMS UNDER ATTACKS: AN OVERVIEW AND OUTLOOK,2019,IEEExplore-Scopus-Web of Science
100,HOMOMORPHIC ENCRYPTION OF SUPERVISORY CONTROL SYSTEMS USING AUTOMATA,2020,IEEExplore-Scopus-Web of Science
101,NECESSARY AND SUFFICIENT CONDITION TO ASSESS INITIAL-STATE-OPACITY IN LIVE BOUNDED AND REVERSIBLE DISCRETE EVENT SYSTEMS,2022,IEEExplore-Scopus-Web of Science
102,CONTROLLER ENCRYPTION FOR DISCRETE EVENT SYSTEMS,2019,IEEExplore-Scopus-Web of Science
103,SYNTHESIS OF SUPREMAL SUCCESSFUL NORMAL ACTUATOR ATTACKERS ON NORMAL SUPERVISORS,2019,IEEExplore-Scopus-Web of Science
104,ABOUT EXISTENCE OF RESILIENT SUPERVISORS AGAINST SMART SENSOR ATTACKS,2022,IEEExplore-Scopus
105,SENSOR DECEPTION ATTACKS AGAINST INITIAL-STATE PRIVACY IN SUPERVISORY CONTROL SYSTEMS,2022,IEEExplore-Scopus
106,STEALTHY DECEPTION ATTACKS FOR CYBER-PHYSICAL SYSTEMS,2017,IEEExplore-Scopus-Web of Science
107,SUPERVISORY ENFORCEMENT OF CURRENT-STATE OPACITY WITH UNCOMPARABLE OBSERVATIONS,2016,IEEExplore-Scopus-Web of Science
108,REVELATION TIME FOR INITIAL-STATE OPACITY MEASUREMENT IN TIMED DISCRETE EVENT SYSTEMS,2019,IEEExplore-Scopus-Web of Science
109,SECURITY OF CYBER-PHYSICAL SYSTEMS: DESIGN OF A SECURITY SUPERVISOR TO THWART ATTACKS,2022,IEEExplore-Scopus-Web of Science
110,ATTACK-RESILIENT SUPERVISORY CONTROL WITH INTERMITTENTLY SECURE COMMUNICATION,2019,IEEExplore-Scopus-Web of Science
111,COSTS ANALYSIS OF STEALTHY ATTACKS WITH BOUNDED OUTPUT SYNCHRONIZED PETRI NETS,2021,IEEExplore-Scopus
112,ON ATTACK MITIGATION IN SUPERVISORY CONTROL SYSTEMS: A TOLERANT CONTROL APPROACH,2020,IEEExplore-Scopus-Web of Science
113,TOWARDS RESILIENT SUPERVISORS AGAINST SENSOR DECEPTION ATTACKS,2019,IEEExplore-Scopus-Web of Science
114,SUPERVISORY CONTROL OF PETRI NETS IN THE PRESENCE OF REPLACEMENT ATTACKS,2022,IEEExplore-Scopus-Web of Science
115,AN ACTIVE DES BASED IDS FOR ARP SPOOFING,2011,IEEExplore-Scopus-Web of Science
116,VERIFICATION OF OPACITY IN NETWORKED SUPERVISORY CONTROL SYSTEMS WITH INSECURE CONTROL CHANNELS,2018,IEEExplore-Scopus-Web of Science
117,"CYBERSECURITY AND SUPERVISORY CONTROL: A TUTORIAL ON ROBUST STATE ESTIMATION, ATTACK SYNTHESIS, AND RESILIENT CONTROL",2022,IEEExplore-Scopus
118,VERIFICATION OF K-STEP OPACITY AND ANALYSIS OF ITS COMPLEXITY,2009,IEEExplore-Scopus-Web of Science
119,RESOLUTION OF INITIAL-STATE IN SECURITY APPLICATIONS OF DES,2012,IEEExplore-Scopus
120,INITIAL STATE OPACITY IN STOCHASTIC DES,2013,IEEExplore-Scopus
121,COMPOSITIONAL AND ABSTRACTION-BASED APPROACH FOR SYNTHESIS OF EDIT FUNCTIONS FOR OPACITY ENFORCEMENT,2020,IEEExplore-Scopus-Web of Science
122,IDENTIFICATION OF SYSTEM VULNERABILITY UNDER A SMART SENSOR ATTACK VIA ATTACK MODEL REDUCTION,2022,IEEExplore
123,VERIFICATION OF $K$-STEP OPACITY AND ANALYSIS OF ITS COMPLEXITY,2011,IEEExplore
124,SYNTHESIS OF DYNAMIC MASKS FOR INFINITE-STEP OPACITY,2020,IEEExplore-Scopus-Science Direct-Web of Science
125,OPACITY ENFORCING SUPERVISORY CONTROL USING NONDETERMINISTIC SUPERVISORS,2022,IEEExplore-Scopus-Web of Science
126,DETECTION AND PREVENTION OF ACTUATOR ENABLEMENT ATTACKS IN SUPERVISORY CONTROL SYSTEMS,2016,IEEExplore
127,MONITORING CONFIDENTIALITY BY DIAGNOSIS TECHNIQUES,2009,IEEExplore-Scopus
128,SYNTHESIS OF SENSOR DECEPTION ATTACKS FOR SYSTEMS MODELED AS PROBABILISTIC AUTOMATA,2019,IEEExplore-Scopus-Web of Science
129,ATTACKS ON DISTRIBUTED SEQUENTIAL CONTROL IN MANUFACTURING AUTOMATION,2021,IEEExplore-Scopus-Web of Science
130,USER INTERACTION WITH A TECHNOLOGY EVOLUTION MODEL TO SELECT MOST VIABLE ENTERPRISE INFORMATION SYSTEMS,2019,IEEExplore-Scopus-Web of Science
131,PROCESS-AWARE MODEL-BASED INTRUSION DETECTION SYSTEM ON FILTERING APPROACH: FURTHER INVESTIGATIONS,2020,IEEExplore-Scopus-Web of Science
132,VERIFICATION OF INITIAL-STATE OPACITY IN PETRI NETS,2015,IEEExplore-Scopus-Web of Science
133,AN OPACITY APPROACH FOR SECURITY EXPOSURE OF IOT COMPONENTS IN CRITICAL INFRASTRUCTURES,2019,IEEExplore-Scopus-Web of Science
134,CURRENT-STATE OPACITY FORMULATIONS IN PROBABILISTIC FINITE AUTOMATA,2014,IEEExplore-Scopus-Web of Science
135,OPACITY ENFORCEMENT USING NONDETERMINISTIC PUBLICLY KNOWN EDIT FUNCTIONS,2019,IEEExplore-Scopus-Web of Science
136,ENFORCEMENT OF OPACITY PROPERTIES USING INSERTION FUNCTIONS,2012,IEEExplore-Scopus-Web of Science
137,CIRCADIA DEMONSTRATION: ACTIVE ADAPTIVE DEFENSE,2003,IEEExplore
138,VERIFICATION OF CURRENT-STATE OPACITY USING PETRI NETS,2015,IEEExplore-Scopus-Web of Science
139,ON TRANSFORMATIONS AMONG OPACITY NOTIONS,2022,IEEExplore-Scopus
140,MODULAR VERIFICATION OF OPACITY FOR INTERCONNECTED CONTROL SYSTEMS VIA BARRIER CERTIFICATES,2022,IEEExplore-Scopus-Web of Science
141,CONSTRUCTION OF FALSE SEQUENCE ATTACK AGAINST PLC BASED POWER CONTROL SYSTEM,2016,IEEExplore
142,SUPERVISOR OBFUSCATION AGAINST ACTUATOR ENABLEMENT ATTACK,2019,IEEExplore-Scopus-Web of Science
143,PRESERVING OPACITY ON INTERVAL MARKOV CHAINS UNDER SIMULATION,2016,IEEExplore
144,OUTPUT-BASED EVENT-TRIGGERED CONTROL OF NONLINEAR SYSTEMS UNDER DECEPTION ATTACKS,2021,IEEExplore
145,A LIVENESS-ENFORCING SUPERVISOR TOLERANT TO SENSOR-READING MODIFICATION ATTACKS,2022,IEEExplore-Scopus-Web of Science
146,ENFORCING OPACITY WITH ORWELLIAN OBSERVATION,2016,IEEExplore-Web of Science
147,KEYNOTE: PRIVACY AND SAFETY IN CYBER-PHYSICAL SYSTEMS,2020,IEEExplore
148,CO-DESIGN OF DUAL SECURITY CONTROL AND COMMUNICATION FOR NONLINEAR CPS UNDER DOS ATTACK,2020,IEEExplore
149,A RESILIENCY MEASURE FOR ELECTRICAL POWER SYSTEMS,2016,IEEExplore
150,MODELING AND VERIFICATION OF ONLINE SHOPPING BUSINESS PROCESSES BY CONSIDERING MALICIOUS BEHAVIOR PATTERNS,2016,IEEExplore
151,GIG NETWORK AND APPLICATION SYSTEM PERFORMANCE ANALYSIS USING EXTREME VALUE THEORY,2008,IEEExplore
152,NETWORK SECURITY MODEL FOR ANALYZING NETWORK-BASED CONTROL SYSTEMS UNDER DENIAL OF SERVICE ATTACKS,2004,IEEExplore
153,SECURITY ANALYSIS FOR DISTRIBUTED IOT-BASED INDUSTRIAL AUTOMATION,2022,IEEExplore
154,DPDA: A MOVING TARGET DEFENSE SYSTEM BASED ON DETECTION AND PREDICTION MECHANISM,2018,IEEExplore
155,VERIFICATION OF LANGUAGE-BASED OPACITY IN PETRI NETS USING VERIFIER,2016,IEEExplore-Web of Science
156,OPACITY ENFORCEMENT FOR CONFIDENTIAL ROBUST CONTROL IN LINEAR CYBER-PHYSICAL SYSTEMS,2020,IEEExplore-Web of Science
157,NON-INTERFERENCE ASSESSMENT IN BOUNDED PETRI NETS VIA INTEGER LINEAR PROGRAMMING,2018,IEEExplore
158,DETECTING LOW-RATE PERIODIC EVENTS IN INTERNET TRAFFIC USING RENEWAL THEORY,2011,IEEExplore-Scopus-Web of Science
159,A SYNOPSIS OF PETRI NET CLASSES FOR MANUFACTURING AUTOMATION,2002,IEEExplore
160,VERIFICATION OF STATE-BASED OPACITY USING PETRI NETS,2017,IEEExplore-Scopus-Web of Science
161,VERIFICATION OF INFINITE-STEP OPACITY AND COMPLEXITY CONSIDERATIONS,2012,IEEExplore-Scopus-Web of Science
162,GUEST EDITORIAL TO THE SPECIAL SECTION OF L-CSS ON FRAGILITY AND RESILIENCY IN CYBER-PHYSICAL DISCRETE-EVENT SYSTEMS,2022,IEEExplore
163,KEYNOTE ADDRESSES,2014,IEEExplore
164,PROCEEDINGS OF THE 2005 AMERICAN CONTROL CONFERENCE (IEEE CAT. NO. 05CH37668),2005,IEEExplore
165,DETECTION AND LOCALIZATION OF STEALTHY CYBER ATTACKS IN CYBER-PHYSICAL DISCRETE EVENT SYSTEMS,2023,IEEExplore-Scopus
166,SECURE YOUR INTENTION: ON NOTIONS OF PRE-OPACITY IN DISCRETE-EVENT SYSTEMS,2023,IEEExplore-Scopus
167,EDIT MECHANISM SYNTHESIS FOR OPACITY ENFORCEMENT UNDER UNCERTAIN OBSERVATIONS,2023,IEEExplore-Scopus-Web of Science
168,SYNTHESIS OF THE SUPREMAL COVERT ATTACKER AGAINST UNKNOWN SUPERVISORS BY USING OBSERVATIONS,2023,IEEExplore-Scopus-Web of Science
169,A NOVEL ENERGY-EFFICIENT SCHEME FOR RPL ATTACKER IDENTIFICATION IN IOT NETWORKS USING DISCRETE EVENT MODELING,2023,IEEExplore-Scopus
170,ERROR- AND TAMPER-TOLERANT STATE ESTIMATION FOR DISCRETE EVENT SYSTEMS UNDER COST CONSTRAINTS,2023,IEEExplore-Scopus
171,ATTACK-RESILIENT SUPERVISORY CONTROL OF DISCRETE-EVENT SYSTEMS: A FINITE-STATE TRANSDUCER APPROACH,2023,IEEExplore
172,SYNTHESIZING ATTACK-AWARE CONTROL AND ACTIVE SENSING STRATEGIES UNDER REACTIVE SENSOR ATTACKS,2023,IEEExplore-Scopus-Web of Science
173,ABSTRACTION-BASED VERIFICATION OF APPROXIMATE PREOPACITY FOR CONTROL SYSTEMS,2023,IEEExplore-Scopus-Web of Science
174,OPTIMAL SUPERVISORY CONTROL OF OPACITY FOR MODULAR SYSTEMS,2022,IEEExplore
175,VERIFICATION OF STRONG K-STEP OPACITY FOR DISCRETE-EVENT SYSTEMS,2022,IEEExplore-Scopus
176,CURRENT-STATE OPACITY VERIFICATION IN DISCRETE EVENT SYSTEMS USING AN OBSERVER NET,2022,Scopus
177,SYNTHESIS OF WINNING ATTACKS ON COMMUNICATION PROTOCOLS USING SUPERVISORY CONTROL THEORY: TWO CASE STUDIES,2022,Scopus-Web of Science
178,SELECTION OF A STEALTHY AND HARMFUL ATTACK FUNCTION IN DISCRETE EVENT SYSTEMS,2022,Scopus-Web of Science
179,SECRET INFERENCE AND ATTACKTABILITY ANALYSIS OF DISCRETE EVENT SYSTEMS,2022,Scopus-Science Direct-Web of Science
180,OBSERVATION-ASSISTED HEURISTIC SYNTHESIS OF COVERT ATTACKERS AGAINST UNKNOWN SUPERVISORS,2022,Scopus-Web of Science
181,SURVEY ON ATTACKS IN CYBER PHYSICAL SYSTEMS BASED ON DISCRETE EVENT SYSTEMS [离散事件系统框架下信息物理系统攻击问题综述],2022,Scopus
182,A FRAMEWORK FOR CURRENT-STATE OPACITY UNDER DYNAMIC INFORMATION RELEASE MECHANISM,2022,Scopus-Science Direct-Web of Science
183,ENFORCEMENT FOR INFINITE-STEP OPACITY AND K-STEP OPACITY VIA INSERTION MECHANISM,2022,Scopus-Science Direct
184,SECURITY-PRESERVING MULTI-AGENT COORDINATION FOR COMPLEX TEMPORAL LOGIC TASKS,2022,Scopus-Science Direct-Web of Science
185,A GENERAL LANGUAGE-BASED FRAMEWORK FOR SPECIFYING AND VERIFYING NOTIONS OF OPACITY,2022,Scopus-Web of Science
186,ROBUST DECENTRALIZED DIAGNOSABILITY OF NETWORKED DISCRETE EVENT SYSTEMS AGAINST DOS AND DECEPTION ATTACKS,2022,Scopus-Science Direct-Web of Science
187,DISCRETE-EVENT SYSTEMS SUBJECT TO UNKNOWN SENSOR ATTACKS,2022,Scopus-Web of Science
188,ABSTRACTION-BASED VERIFICATION OF APPROXIMATE PRE-OPACITY FOR CONTROL SYSTEMS,2022,Scopus
189,A SECURITY TESTBED FOR NETWORKED DES CONTROL SYSTEMS,2022,Scopus-Science Direct-Web of Science
190,EVENT-BASED CRYPTOGRAPHY FOR AUTOMATION NETWORKS OF CYBER-PHYSICAL SYSTEMS USING THE STREAM CIPHER CHACHA20,2022,Scopus-Science Direct-Web of Science
191,ATTACKABLE DETECTABILITY OF PARTIALLY-OBSERVED DISCRETE-EVENT SYSTEMS UNDER SENSOR ATTACK,2022,Scopus-Science Direct-Web of Science
192,ON VERIFICATION OF WEAK AND STRONG K-STEP OPACITY FOR DISCRETE-EVENT SYSTEMS,2022,Scopus-Web of Science
193,MALICIOUS ORIGIN OF DEADLOCKS IN FLEXIBLE MANUFACTURING SYSTEMS,2022,Scopus-Science Direct-Web of Science
194,SENSOR AND ACTUATOR ATTACKS IN DISCRETE EVENT SYSTEMS,2022,Scopus-Science Direct-Web of Science
195,OBSERVER DESIGN FOR LABELED FINITE AUTOMATA WITH INPUTS UNDER STEALTHY ACTUATORS ATTACKS,2022,Scopus-Science Direct-Web of Science
196,TAMPER-TOLERANT DIAGNOSABILITY UNDER BOUNDED OR UNBOUNDED ATTACKS,2022,Scopus-Science Direct-Web of Science
197,YOU DON'T KNOW WHAT I KNOW: ON NOTION OF HIGH-ORDER OPACITY IN DISCRETE-EVENT SYSTEMS,2022,Scopus-Science Direct-Web of Science
198,A STATE SPACE APPROACH TO DECENTRALIZED FAULT SE-COPROGNOSABILITY OF PARTIALLY OBSERVED DISCRETE EVENT SYSTEMS,2022,Scopus
199,LANGUAGE-BASED OPACITY VERIFICATION AND ENFORCEMENT IN THE FRAMEWORK OF LABELED PETRI NETS,2022,Scopus-Web of Science
200,DESIGN OF PRIVACY-PRESERVING CONTROL STRATEGY FOR DATA OPACITY OF INDUSTRIAL INTERNET [面向工业互联网中数据不透明性的隐私保护控制策略设计],2022,Scopus
201,VERIFICATION AND ENFORCEMENT OF STRONG INFINITE- AND K-STEP OPACITY USING STATE RECOGNIZERS,2021,Scopus-Science Direct-Web of Science
202,ENFORCING CURRENT-STATE OPACITY THROUGH SHUFFLE AND DELETIONS OF EVENT OBSERVATIONS,2021,Scopus-Science Direct-Web of Science
203,BOUNDED OPACITY FOR TIMED SYSTEMS,2021,Scopus-Science Direct-Web of Science
204,SYNTHESIS OF COVERT ACTUATOR AND SENSOR ATTACKERS,2021,Scopus-Science Direct-Web of Science
205,SUPERVISORY CONTROL OF DISCRETE-EVENT SYSTEMS UNDER EXTERNAL ATTACKS,2021,Scopus-Science Direct-Web of Science
206,PERFORMANCE SAFETY ENFORCEMENT IN STRONGLY CONNECTED TIMED EVENT GRAPHS,2021,Scopus-Science Direct-Web of Science
207,OPACITY OF NETWORKED DISCRETE EVENT SYSTEMS *INFORMATION SCIENCES,2021,Scopus-Web of Science
208,OPTIMIZATION-BASED ASSESSMENT OF INITIAL-STATE OPACITY IN PETRI NETS,2021,Scopus
209,A NOVEL APPROACH FOR SUPERVISOR SYNTHESIS TO ENFORCE OPACITY OF DISCRETE EVENT SYSTEMS,2021,Scopus-Web of Science
210,K-MEMORY-EMBEDDED INSERTION MECHANISM FOR OPACITY ENFORCEMENT,2020,Scopus-Science Direct-Web of Science
211,SYNTHESIS OF SENSOR DECEPTION ATTACKS AT THE SUPERVISORY LAYER OF CYBER–PHYSICAL SYSTEMS,2020,Scopus-Science Direct
212,CURRENT-STATE OPACITY MODELLING AND VERIFICATION IN PARTIALLY OBSERVED PETRI NETS,2020,Scopus-Science Direct-Web of Science
213,DISCRETE CONTROL OF RESPONSE FOR CYBERSECURITY IN INDUSTRIAL CONTROL,2020,Scopus-Science Direct-Web of Science
214,TOWARDS PROBABILISTIC INTRUSION DETECTION IN SUPERVISORY CONTROL OF DISCRETE EVENT SYSTEMS,2020,Scopus-Web of Science
215,MOVING TARGET DEFENSE BASED ON SWITCHED SUPERVISORY CONTROL: A NEW TECHNIQUE FOR MITIGATING SENSOR DECEPTION ATTACKS,2020,Scopus-Web of Science
216,COMMUNICATION-FREE MULTI-AGENT COORDINATION IN AN UNKNOWN ENVIRONMENT,2020,Scopus-Web of Science
217,STEALTHY SENSOR ATTACKS FOR PLANTS MODELED BY LABELED PETRI NETS,2020,Scopus-Web of Science
218,DEPTH-FIRST SEARCH APPROACH FOR LANGUAGE-BASED OPACITY VERIFICATION USING PETRI NETS,2020,Scopus-Science Direct-Web of Science
219,SYNTHESIS OF COVERT ACTUATOR AND SENSOR ATTACKERS AS SUPERVISOR SYNTHESIS,2020,Scopus-Web of Science
220,DETECTION AND PREVENTION OF CYBER-ATTACKS IN NETWORKED CONTROL SYSTEMS,2020,Scopus-Web of Science
221,ON OPACITY VERIFICATION FOR DISCRETE-EVENT SYSTEMS,2020,Scopus-Web of Science
222,OPACITY ENFORCING SUPERVISORY CONTROL USING NON-DETERMINISTIC SUPERVISORS,2020,Scopus-Science Direct-Web of Science
223,VERIFICATION OF INFINITE-STEP OPACITY USING LABELED PETRI NETS,2020,Scopus-Science Direct-Web of Science
224,MATRIX APPROACH FOR VERIFICATION OF OPACITY OF PARTIALLY OBSERVED DISCRETE EVENT SYSTEMS,2020,Scopus-Web of Science
225,ENFORCING OPACITY BY INSERTION FUNCTIONS UNDER MULTIPLE ENERGY CONSTRAINTS,2019,Scopus-Science Direct-Web of Science
226,ON-LINE VERIFICATION OF INITIAL-STATE OPACITY BY PETRI NETS AND INTEGER LINEAR PROGRAMMING,2019,Scopus-Science Direct-Web of Science
227,SECURITY AGAINST COMMUNICATION NETWORK ATTACKS OF CYBER-PHYSICAL SYSTEMS,2019,Scopus-Web of Science
228,INFINITE-STEP OPACITY AND K-STEP OPACITY OF STOCHASTIC DISCRETE-EVENT SYSTEMS,2019,Scopus-Science Direct-Web of Science
229,DETECTION AND MITIGATION OF CLASSES OF ATTACKS IN SUPERVISORY CONTROL SYSTEMS,2018,Scopus-Science Direct-Web of Science
230,ON-LINE VERIFICATION OF CURRENT-STATE OPACITY BY PETRI NETS AND INTEGER LINEAR PROGRAMMING,2018,Scopus-Science Direct-Web of Science
231,ENFORCEMENT OF OPACITY BY PUBLIC AND PRIVATE INSERTION FUNCTIONS,2018,Scopus-Science Direct-Web of Science
232,PROBABILISTIC SYSTEM OPACITY IN DISCRETE EVENT SYSTEMS *DEDS,2018,Scopus
233,CURRENT-STATE OPACITY ENFORCEMENT IN DISCRETE EVENT SYSTEMS UNDER INCOMPARABLE OBSERVATIONS,2018,Scopus-Web of Science
234,FILTERS BASED APPROACH WITH TEMPORAL AND COMBINATIONAL CONSTRAINTS FOR CYBERSECURITY OF INDUSTRIAL CONTROL SYSTEMS,2018,Scopus-Science Direct-Web of Science
235,PARTIALLY OBSERVED DISCRETE-EVENT SYSTEMS: FROM STATE ESTIMATION TO INTRUSION DETECTION,2018,Scopus-Science Direct
236,ASSESSMENT OF CYBER PHYSICAL SYSTEM RISKS WITH DOMAIN SPECIFIC MODELLING AND SIMULATION,2018,Scopus
237,MODELING AND DETECTION OF CYBER ATTACKS ON DISCRETE EVENT SYSTEMS,2018,Scopus-Science Direct-Web of Science
238,ENFORCING CURRENT-STATE OPACITY THROUGH SHUFFLE IN EVENT OBSERVATIONS⁎,2018,Scopus
239,DETECTABLE AND UNDETECTABLE NETWORK ATTACK SECURITY OF CYBER-PHYSICAL SYSTEMS,2018,Scopus-Science Direct-Web of Science
240,AN ALGEBRAIC CHARACTERIZATION OF LANGUAGE-BASED OPACITY IN LABELED PETRI NETS,2018,Scopus-Science Direct-Web of Science
241,AN EVENT BASED TECHNIQUE FOR DETECTING SPOOFED IP PACKETS,2017,Scopus-Science Direct-Web of Science
242,SECURITY AGAINST NETWORK ATTACKS IN SUPERVISORY CONTROL SYSTEMS,2017,Scopus-Science Direct-Web of Science
243,DECIDABILITY OF OPACITY VERIFICATION PROBLEMS IN LABELED PETRI NET SYSTEMS,2017,Scopus-Science Direct-Web of Science
244,A NEW APPROACH FOR THE VERIFICATION OF INFINITE-STEP AND K-STEP OPACITY USING TWO-WAY OBSERVERS,2017,Scopus-Science Direct-Web of Science
245,MODELLING AND SIMULATING PIRATE ATTACKS BY USING HYBRID TIME PETRI NETS [MODELIRANJE I SIMULIRANJE PIRATSKIH NAPADA UZ POMOĆ HIBRIDNIH VREMENSKIH PETRIJEVIH MREŽA],2017,Scopus
246,QUANTIFICATION OF CENTRALIZED/DISTRIBUTED SECRECY IN STOCHASTIC DISCRETE EVENT SYSTEMS,2016,Scopus
247,CONTROL AND SYNTHESIS OF NON-INTERFERENT TIMED SYSTEMS,2015,Scopus-Web of Science
248,DYNAMICALLY RECONFIGURABLE COMMAND AND CONTROL STRUCTURE FOR NETWORK-CENTRIC WARFARE,2015,Scopus-Web of Science
249,COMMAND AND CONTROL FOR LARGE-SCALE HYBRID WARFARE SYSTEMS,2015,Scopus
250,DIAGNOSIS FROM SCENARIOS,2014,Scopus-Web of Science
251,CYBER SECURITY MODEL OF ARTIFICIAL SOCIAL SYSTEM MAN-MACHINE,2014,Scopus
252,SYNTHESIS OF INSERTION FUNCTIONS FOR ENFORCEMENT OF OPACITY SECURITY PROPERTIES,2014,Scopus-Science Direct-Web of Science
253,VERIFICATION OF INITIAL-STATE OPACITY IN SECURITY APPLICATIONS OF DISCRETE EVENT SYSTEMS,2013,Scopus-Science Direct-Web of Science
254,VARIABLE STRUCTURE DYNAMIC ARTIFICIAL NEURAL NETWORKS,2013,Scopus-Science Direct-Web of Science
255,VERIFICATION OF K-STEP OPACITY AND ANALYSIS OF ITS COMPLEXITY *TAC,2011,Scopus
256,REDUCED-COMPLEXITY VERIFICATION FOR INITIAL-STATE OPACITY IN MODULAR DISCRETE EVENT SYSTEMS,2010,Scopus-Science Direct
257,VERIFICATION OF INFINITE-STEP OPACITY AND ANALYSIS OF ITS COMPLEXITY,2009,Scopus
258,COMPARISON OF SELECTION RULES FOR ORDINAL OPTIMIZATION,2006,Scopus-Science Direct-Web of Science
259,STRONG CURRENT-STATE AND INITIAL-STATE OPACITY OF DISCRETE-EVENT SYSTEMS,2023,Scopus-Science Direct
260,ASSESSMENT OF INITIAL-STATE-OPACITY IN LIVE AND BOUNDED LABELED PETRI NET SYSTEMS VIA OPTIMIZATION TECHNIQUES,2023,Scopus-Science Direct-Web of Science
261,STATE-BASED DIFFERENTIAL PRIVACY VERIFICATION AND ENFORCEMENT FOR PROBABILISTIC AUTOMATA,2023,Scopus-Web of Science
262,VERIFYING WEAK AND STRONG K-STEP OPACITY IN DISCRETE-EVENT SYSTEMS,2023,Scopus-Science Direct
263,ON SECURING CRYPTOGRAPHIC ICS AGAINST SCAN-BASED ATTACKS: A HAMMING WEIGHT DISTRIBUTION PERSPECTIVE,2023,Scopus
264,DETECTION OF ACTUATOR ENABLEMENT ATTACKS BY PETRI NETS IN SUPERVISORY CONTROL SYSTEMS,2023,Scopus-Web of Science
265,FULLY DISTRIBUTED EVENT-TRIGGERED CONSENSUS CONTROL FOR LINEAR MULTIAGENT SYSTEMS UNDER DOS ATTACKS,2023,Scopus-Web of Science
266,ROBUST PREDICTABILITY IN DISCRETE EVENT SYSTEMS UNDER SENSOR ATTACKS,2023,Scopus-Web of Science
267,ON DECIDABILITY OF EXISTENCE OF NONBLOCKING SUPERVISORS RESILIENT TO SMART SENSOR ATTACKS,2023,Scopus-Science Direct
268,LANGUAGE RECOVERY IN DISCRETE-EVENT SYSTEMS AGAINST SENSOR DECEPTION ATTACKS,2023,Scopus-Web of Science
269,SYNTHESIS OF OPTIMAL COVERT SENSOR–ACTUATOR ATTACKERS FOR DISCRETE-EVENT SYSTEMS,2023,Scopus-Science Direct
270,ON ALMOST-SURE INTENTION DECEPTION PLANNING THAT EXPLOITS IMPERFECT OBSERVERS,2023,Scopus
271,MODELING CYBERATTACK PROPAGATION AND IMPACTS ON CYBER-PHYSICAL SYSTEM SAFETY: AN EXPERIMENT,2023,Scopus-Web of Science
272,DEALING WITH SENSOR AND ACTUATOR DECEPTION ATTACKS IN SUPERVISORY CONTROL,2023,Scopus-Science Direct
273,ON VERIFICATION OF WEAK AND STRONG K-STEP OPACITY FOR DISCRETE-EVENT SYSTEMS*,2022,Science Direct
274,COMMUNICATION-FREE MULTI-AGENT COORDINATION IN AN UNKNOWN ENVIRONMENT⁎⁎WE GRATEFULLY ACKNOWLEDGE FUNDING PROVIDED BY THE NATURAL SCIENCES AND ENGINEERING RESEARCH COUNCIL OF CANADA (NSERC) AND GENERAL DYNAMICS LAND SYSTEMS CANADA.,2020,Science Direct
275,"DETECTION AND PREVENTION OF CYBER-ATTACKS IN NETWORKED CONTROL SYSTEMS⁎⁎(CORRESPONDING AUTHOR: Y. TONG) THIS WORK WAS SUPPORTED BY THE NATIONAL NATURAL SCIENCE FOUNDATION OF CHINA UNDER GRANT NO. 61803317, AND THE FUNDAMENTAL RESEARCH FUNDS FOR THE CENTRAL UNIVERSITIES UNDER GRANT NO. 2682018CX24.",2020,Science Direct
276,MITIGATION OF CLASSES OF ATTACKS USING A PROBABILISTIC DISCRETE EVENT SYSTEM FRAMEWORK⁎⁎THIS WORK WAS PARTLY SUPPORTED BY THE NATURAL SCIENCES AND ENGINEERING RESEARCH COUNCIL OF CANADA (GRANT RGPIN-2015-04273) AND BY THE US NATIONAL SCIENCE FOUNDATION (GRANTS CNS-1738103 AND CNS-1801342).,2020,Science Direct
277,VERIFICATION OF INFINITE-STEP OPACITY AND ANALYSIS OF ITS COMPLEXITY*,2009,Science Direct
278,"ENFORCING CURRENT-STATE OPACITY THROUGH SHUFFLE IN EVENT OBSERVATIONS ⁎⁎THIS WORK HAS BEEN PARTIALLY SUPPORTED BY THE BRAZILIAN RESEARCH COUNCIL, CNPQ, GRANT NUMBER 462307/2014-0, AND BY CARLOS CHAGAS FOUNDATION, FAPERJ, GRANT NUMBER E-26/010.002890/2014.",2018,Science Direct
279,"STEALTHY SENSOR ATTACKS FOR PLANTS MODELED BY LABELED PETRI NETS⁎⁎THIS WORK IS PARTIALLY SUPPORTED BY THE NATIONAL KEY R&D PROGRAM OF CHINA UNDER GRANT 2018YFB1700104, THE NATURAL SCIENCE FOUNDATION OF CHINA UNDER GRAND NOS. 61472295, 61673309, 61873342, THE SHAANXI HUASHAN SCHOLARS, THE SCIENCE AND TECHNOLOGY DEVELOPMENT FUND, MSAR, UNDER GRANT NO. 122/2017/A3. THIS WORK IS ALSO PARTIALLY SUPPORTED BY PROJECT RASSR05871 MOSIMA FUNDED BY REGION SARDINIA, FSC 2014-2020, ANNUALITA’ 2017, AREA 3, ACTION LINE 3.1.",2020,Science Direct
280,"ON OPACITY VERIFICATION FOR DISCRETE-EVENT SYSTEMS⁎⁎SUPPORTED BY THE MŠMT INTER-EXCELLENCE PROJECT LTAUSA19098, BY GAČR GRANT GC19-06175J, BY IGA PRF 2020 019, AND BY RVO 67985840.",2020,Science Direct
281,THREE KINDS OF COPROGNOSABILITY FOR PARTIALLY-OBSERVED DISCRETE EVENT SYSTEMS VIA A MATRIX APPROACH,2021,Science Direct
282,"SYNTHESIS OF COVERT ACTUATOR AND SENSOR ATTACKERS AS SUPERVISOR SYNTHESIS⁎⁎THIS WORK IS FINANCIALLY SUPPORTED BY SINGAPORE MINISTRY OF EDUCATION TIER 1 ACADEMIC RESEARCH GRANT (2018-T1-001-245 (RG91/18)) AND THE NATIONAL RESEARCH FOUNDATION OF SINGAPORE DELTA-NTU CORPORATE LAB PROGRAM WITH THE PROJECT REFERENCE OF DELTA-NTU CORP-SMA-RP2, WHICH IS GRATEFULLY ACKNOWLEDGED.",2020,Science Direct
283,MOVING TARGET DEFENSE BASED ON SWITCHED SUPERVISORY CONTROL: A NEW TECHNIQUE FOR MITIGATING SENSOR DECEPTION ATTACKS11THE WORK OF R.M.G. AND S.L. WAS SUPPORTED IN PART BY US NSF GRANTS CNS-1738103 AND CNS-1801342.,2020,Science Direct
284,TOWARDS PROBABILISTIC INTRUSION DETECTION IN SUPERVISORY CONTROL OF DISCRETE EVENT SYSTEMS11THE WORK OF R.M.G. AND S.L. IS SUPPORTED BY US NSF GRANT CNS-1738103.,2020,Science Direct
285,FROM DIAGNOSABILITY TO OPACITY: A BRIEF HISTORY OF DIAGNOSABILITY OR LACK THEREOF**THE AUTHORS’ RESEARCH IS PRINCIPALLY SUPPORTED BY THE US NATIONAL SCIENCE FOUNDATION.,2017,Science Direct
286,OPTIMAL SECRET PROTECTIONS IN DISCRETE-EVENT SYSTEMS,2022,Web of Science
287,SYNTHESIS OF SENSOR DECEPTION ATTACKS AT THE SUPERVISORY LAYER OF CYBER-PHYSICAL SYSTEMS,2020,Web of Science
288,SUPERVISORY CONTROL OF DISCRETE-EVENT SYSTEMS FOR INFINITE-STEP OPACITY,2020,Web of Science
289,SYNTHESIS OF DYNAMIC MASKS FOR INFINITE-STEP OPACITY *TAC,2020,Web of Science
290,``RESILIENCE AGAINST SENSOR DECEPTION ATTACKS ON CYBER-PHYSICAL CONTROL SYSTEMS{''},2019,Web of Science
291,COMPUTER SIMULATION OF DENIAL OF SERVICE ATTACK IN MILITARY INFORMATION NETWORK USING OPNET,2013,Web of Science
292,I-2 - DIAGNOSABILITY FRAMEWORK FOR DETECTION OF ADVANCED STEALTH MAN IN THE MIDDLE ATTACK IN WI-FI NETWORKS,2015,Web of Science
293,ARSPAN : ATTACKER REVELATION SCHEME USING DISCRETE EVENT SYSTEM IN 6LOWPAN BASED BUFFER RESERVATION ATTACK,2020,Web of Science
294,VERIFICATION OF K-STEP OPACITY AND ANALYSIS OF ITS COMPLEXITY* TASE,2011,Web of Science
295,ADES APPROACH TO INTRUSION DETECTION SYSTEM FOR ARP SPOOFING ATTACKS,2010,Web of Science
296,ENFORCING STATE-BASED OPACITY USING SYNCHRONIZING AUTOMATA,2021,Web of Science
297,ROBUST CORRECTIVE CONTROL AGAINST A CLASS OF ACTUATOR ATTACKS IN INPUT/STATE ASYNCHRONOUS SEQUENTIAL MACHINES,2021,Web of Science
298,CONSENSUS-BASED DISTRIBUTED INTRUSION DETECTION FOR MULTI-ROBOT SYSTEMS,2008,Web of Science
299,ENFORCING CURRENT-STATE OPACITY THROUGH SHUFFLE IN EVENT OBSERVATIONS,2018,Web of Science
300,ON-LINE ALGORITHM FOR CURRENT STATE OPACITY ENFORCEMENT IN A PETRI NET FRAMEWORK,2018,Web of Science
301,CRITICAL OBSERVABILITY OF FINITE STATE MACHINES UNDER ATTACKS,2021,Web of Science
302,SECURITY AND PRIVACY WITH OPACITY-BASED STATE OBSERVATION FOR FINITE STATE MACHINE,2022,Web of Science
303,AN ON-THE-FLY APPROACH FOR THE VERIFICATION OF OPACITY IN CRITICAL SYSTEMS,2014,Web of Science
304,ON APPROXIMATE OPACITY OF CYBER-PHYSICAL SYSTEMS,2021,Web of Science
305,SECURE-BY-CONSTRUCTION CONTROLLER SYNTHESIS FOR STOCHASTIC SYSTEMS UNDER LINEAR TEMPORAL LOGIC SPECIFICATIONS,2021,Web of Science
306,A SURVEY OF CYBER ATTACKS ON CYBER PHYSICAL SYSTEMS: RECENT ADVANCES AND CHALLENGES,2022,Web of Science
307,ENFORCEMENT OF OPACITY SECURITY PROPERTIES FOR SHIP INFORMATION SYSTEM,2016,Web of Science
308,STC: EXPOSING HIDDEN COMPROMISED DEVICES IN NETWORKED SUSTAINABLE GREEN SMART COMPUTING PLATFORMS BY PARTIAL OBSERVATION,2019,Web of Science
309,VERIFYING WEAK AND STRONG K-STEP OPACITY IN DISCRETE-EVENT SYSTEMS \&\#X2729;,2023,Web of Science
310,SYNTHESIS OF OPTIMAL COVERT SENSOR-ACTUATOR ATTACKERS FOR DISCRETE-EVENT SYSTEMS?,2023,Web of Science
311,ON SECURING CRYPTOGRAPHIC ICS AGAINST SCAN-BASED ATTACKS: A HAMMINGWEIGHT DISTRIBUTION PERSPECTIVE,2023,Web of Science
312,STP-BASED VERIFICATION AND SYNTHESIS OF STATE OPACITY FOR LOGICAL FINITE STATE MACHINES,2023,Web of Science
